id,FULL_NAME,REGION,CITY,DISTRICT,LOCALITY,CLASS_OF_ROAD,ROAD_CATEGORY,LENGTH_POPIKETNO,ROADWAY_WIDTH,RANKS,COATING,COST,TRAFFIC_INTENSITY,TOP_SPEED,THROUGHPUT,ROAD_PART,CORE_NETWORK,VALUE_OF_THE_ROAD,DATA_CONFIRMATION,CONFIRM_USER,PLANNING_STRUCTURE,CATEGORY_SNIP,EMERGENCY_SECTION,ROAD_PART_OVERLOADED,CRITERION,DATA_EXPL,SQUARE,LOCATION_START,INTERNATIONAL,IDENTIFICATION_NUMBER_SECTION,NORM_PERCENTAGE,TIME_CONFIRMATION,SUBGRADE_WIDTH,HUMIDIFICATION_COND,OSTATOK,IS_CHECKED,UCHET_NUMBER,CLIMATIC_ZONE,BALANCE_STOIM,INTRACITY_TERRITORY,MESSAGE,geometry
200004711,ул Гагарина (000+000 - 1+850),,,,,,,,,,,,,,,,,,,,,,,,,,,,,,,,,,,,,,,,,
200007578,от х Колесники до х Громленовский (0+000 - 6+574),,,,,,,,,,,,,,,,,,,,,,,,,,29583.0,,,,,,,,,,,,0.0,,,
200008127,"""Курск - Борисоглебск"" - Кшенский - граница Липецкой области"" - Кшень - Панское"" - Мансурово (0+000 - 3+642)",,,,,,,,,,,,,,,,,,,,,,,,,,20362.0,,,,,,,,,,,,21777.822,,,
200008869,пер Природный (0+000 - 0+220),,,,,,,,,,,,,,,,,,,,,,,,,,,,,,,,,,,,,,,,,
200012414,Подъезд к п. Овражный от п. Крепинский (в границах п. Крепинский) (0+000 - 2+594),,,,,,,,,,,,,,,,,,,,,,,,,,15564.0,,,,,,,,,,,,1.0,,,
200015800,ул Центральная (0+000 - 0+900),,,,,,,,,,,,,,,,,,,,,,,,,,,,,,,,,,,,,,,,,
200020321,ул Жуковского (0+000 - 0+502),,,,,,,,,,,,,,,,,,,,,,,,,,2091.0,,,,,,,,,,,,1.0,,,
200022804,пер Юбилейный (0+000 - 0+140),,,,,,,,,,,,,,,,,,,,,,,,,,,,,,,,,,,,,,,,,
200024483,ул Почтовая (0+000 - 1+400),,,,,,,,,,,,,,,,,,,,,,,,,,4.2,,,,,,,,,,,,0.1,,,
200027550,ул Школьная (0+000 - 0+550),,,,,,,,,,,,,,,,,,,,,,,,,,,,,,,,,,,,,,,,,
200027767,"Подъезд к ""Генетическому центру ""Корова и телёнок"" на 2400 голов в Троицком районе ООО АПО ""Казачья станица"" (0+000 - 3+984)",,,,,,,,,,,,,,,,,,,,,,,,,,23.90,,,,,,,,,,,,1.0,,,
200027932,"Московская область, городской округ Чехов, д. Бутырки (0000+000 - 0000+800)",,,,,,,,,,,,,,,,,,,,,,,,,,,,,,,,,,,,,,,,,
200028324,ул Тенистая (0+000 - 1+200),,,,,,,,,,,,,,,,,,,,,,,,,,,,,,,,,,,,,,,,,
200031108,ул. Луговая (0+000 - 0+300),,,,,,,,,,,,,,,,,,,,,,,,,,,,,,,,,,,,,,,,,
200031269,Внутрепоселковая  дорога на кладбище (0+000 - 0+500),,,,,,,,,,,,,,,,,,,,,,,,,,,,,,,,,,,,,,,,,
200032598,ул Советов (0+000 - 2+365),,,,,,,,,,,,,,,,,,,,,,,,,,10660.0,,,,,,,,,,,,0.001,,,
200032770,"А-104 ""Москва - Дмитров - Дубна"" - Поведники (0+000 - 7+090)",,,,,,,,,,,,,,,,,,,,,,,,,,42399.0,,,,,,,,,,,,1.0,,,
200034700,пер Ледовый (0+000 - 0+220),,,,,,,,,,,,,,,,,,,,,,,,,,,,,,,,,,,,,,,,,
200035571,ул Калинина (0+000 - 0+800),,,,,,,,,,,,,,,,,,,,,,,,,,2400.0,,,,,,,,,,,,120.71,,,
200036257,"Натальевка - Питим - граница Воронежской области - подъезд к СК ""Натальевский"" (0+000 - 1+800)",,,,,,,,,,,,,,,,,,,,,,,,,,10800.0,,,,,,,,,,,,4884.0,,,
200037218,Подъезд к зимней ледовой переправе (0+000 - 7+000),,,,,,,,,,,,,,,,,,,,,,,,,,,,,,,,,,,,,,,,,
200037615,ул Мостовая (0+000 - 0+600),,,,,,,,,,,,,,,,,,,,,,,,,,,,,,,,,,,,,,,,,
200037718,ул Западная (0+000 - 0+391),,,,,,,,,,,,,,,,,,,,,,,,,,1173.0,,,,,,,,,,,,1.0,,,
200037926,Подъезд к п. Овражный от п. Крепинский (в границах п. Овражный) (0+000 - 0+154),,,,,,,,,,,,,,,,,,,,,,,,,,924.0,,,,,,,,,,,,1.0,,,
200038042,2 проезд от ул. Центральная до ул. Набережная (0+000 - 0+200),,,,,,,,,,,,,,,,,,,,,,,,,,800.0,,,,,,,,,,,,,,,
200038474,ул. Карьерная 2,Иркутская область,,р-н Шелеховский,д Олха,Обычная автомобильная дорога (нескоростная автомобильная дорога),V,0.485,3,1,"Из щебня, гравия и песка, обработанных вяжущими",,45.0,60,100,,,автомобильная дорога местного значения,17.07.2024,Венедиктова Ольга Викторовна,,Улицы и дороги местного значения - улицы в зонах жилой застройки,,,,01.01.2010,1455.0,0+000,,25 255 807 ОП МП 42,,16:46:56,,тип 2,0.001,1,42,I,0.001,,,"LINESTRING (11589909.831736017 6828881.490623141, 11589814.28545066 6828824.162851927, 11589680.520651162 6828764.446423579, 11589568.253765868 6828709.507309499, 11589477.484794779 6828676.066109624, 11589381.938509423 6828606.795052741, 11589338.942681013 6828597.240424206, 11589252.951024191 6828599.629081339, 11589188.457281576 6828618.73833841)"
200038475,ул. Клубная,Иркутская область,,р-н Шелеховский,д Олха,Обычная автомобильная дорога (нескоростная автомобильная дорога),V,0.898,,2,"Из щебня, гравия и песка, обработанных вяжущими",,90.0,60,100,,,автомобильная дорога местного значения,19.08.2024,Венедиктова Ольга Викторовна,,Улицы и дороги местного значения - улицы в зонах жилой застройки,,,,01.02.1960,3592.0,,,25 255 807 ОП МП 43,,17:41:40,,тип 2,1.0,1,43,I,145.26,,,"MULTILINESTRING ((11589345.482305553 6829476.8980434835, 11589353.842605522 6829462.56610068, 11589368.771712609 6829449.428486443, 11589400.421419634 6829424.944750821, 11589420.127840988 6829403.446836616, 11589437.44560521 6829375.977279576, 11589463.123669397 6829341.341751134, 11589502.536512107 6829297.151594156, 11589538.9635334 6829254.155765746, 11589591.513990346 6829224.894715856, 11589632.718325906 6829207.576951635, 11589699.003561372 6829187.273365997), (11589699.003561372 6829187.273365997, 11589728.86177554 6829189.064858844))"
200038476,ул. Железнодорожная 1,Иркутская область,,р-н Шелеховский,д Олха,Обычная автомобильная дорога (нескоростная автомобильная дорога),V,2.739,,1,"Из щебня, гравия и песка, обработанных вяжущими",,50.0,60,80,,,автомобильная дорога местного значения,20.08.2024,Венедиктова Ольга Викторовна,,Улицы и дороги местного значения - улицы в зонах жилой застройки,,,,01.11.1989,8217.0,0+000,,25 255 807 ОП МП 41,,11:05:01,,тип 2,48.0,1,41,I,48.5,,,"LINESTRING (11589012.219878173 6829317.86233102, 11588988.333306832 6829255.757245539, 11588978.778678298 6829136.324388843, 11588897.564335745 6829055.11004629, 11588835.459250262 6828964.3410752015, 11588692.139822228 6828926.122561059, 11588606.148165407 6828892.6813611835, 11588472.383365909 6828907.013303988, 11588357.727823481 6828954.786446665, 11588219.185709713 6829055.11004629, 11588066.311653143 6829227.093359931, 11587875.21908243 6829379.967416502, 11587674.571883181 6829485.068330394, 11587516.920512343 6829523.286844537, 11587354.491827236 6829542.396101608, 11587182.508513596 6829518.509530269, 11586967.529371543 6829475.513701858, 11586785.991429366 6829356.080845163, 11586671.335886938 6829293.975759681, 11586585.344230117 6829164.9882744495, 11586432.470173547 6829007.336903611, 11586298.705374049 6828878.34941838, 11586198.381774424 6828735.029990345, 11586102.835489068 6828644.261019257, 11586016.843832247 6828567.823990972, 11585954.738746766 6828486.609648419)"
200038477,ул. Железнодорожная 2,Иркутская область,,р-н Шелеховский,п Летняя,Обычная автомобильная дорога (нескоростная автомобильная дорога),V,1.522,,1,"Из щебня, гравия и песка, обработанных вяжущими",,50.0,40,80,,,автомобильная дорога местного значения,20.08.2024,Венедиктова Ольга Викторовна,,Местные дороги,,,,01.06.1979,4566.0,0+000,,25 255 807 ОП МП 40,,11:09:07,,тип 2,27.0,1,40,I,27.0,,,"LINESTRING (11585455.00872544 6827885.824437441, 11585345.13049728 6827766.3915807465, 11585259.13884046 6827689.95455246, 11585134.928669497 6827556.1897529615, 11585025.050441338 6827474.975410409, 11584970.32108541 6827390.492719384, 11584846.110914446 6827256.727919885, 11584731.455372019 6827132.517748921, 11584587.334109975 6826978.841858343, 11584520.451710226 6826849.854373112, 11584482.233196083 6826778.194659095, 11584448.791996209 6826725.6442021495)"
200038478,ул. Железнодорожная 3,Иркутская область,,р-н Шелеховский,п Дачная,Обычная автомобильная дорога (нескоростная автомобильная дорога),V,3.243,,1,"Из щебня, гравия и песка, обработанных вяжущими",,40.0,60,80,,,автомобильная дорога местного значения,20.08.2024,Венедиктова Ольга Викторовна,,,,,,01.11.1989,9729.0,0+000,,25 255 807 ОП МП 44,,11:32:32,,тип 2,57.4,1,44,I,57.4,,,"LINESTRING (11585632.017046118 6823336.448651413, 11585517.36150369 6823489.322707984, 11585426.592532601 6823752.074992714, 11585350.155504316 6823952.722191963, 11585326.268932978 6824100.818934264, 11585249.831904693 6824244.138362299, 11585251.026233254 6824295.494490679, 11585218.779361947 6824348.044947626, 11585202.05876201 6824393.42943317, 11585176.977862103 6824473.449447156, 11585142.030270323 6824550.951734729, 11585139.641613184 6824601.113534543, 11585133.66997035 6824647.692348654, 11585106.200413309 6824683.522205663, 11585073.672523515 6824764.736548216, 11585047.397295043 6824843.562233634, 11584985.292209562 6824928.3595618885, 11584889.745924205 6825001.213604473, 11584815.697553035 6825033.46047579, 11584757.175453255 6825056.152718563, 11584707.013653442 6825078.844961334, 11584686.710067805 6825100.342875539)"
200038480,Подъезд к СНТ Летняя,Иркутская область,,р-н Шелеховский,д Олха,Обычная автомобильная дорога (нескоростная автомобильная дорога),V,0.238,,1,"Из щебня, гравия и песка, обработанных вяжущими",,30.0,60,80,,,автомобильная дорога местного значения,20.08.2024,Венедиктова Ольга Викторовна,,,,,,01.11.1986,714.0,0+000,,25 255 807 ОП МП 46,,10:53:35,,тип 2,4.0,1,46,I,4.0,,,"LINESTRING (11584785.747931471 6826954.850102459, 11584810.231667094 6826935.143681104, 11584816.800474212 6826916.6315883165, 11584819.78629563 6826892.147852694, 11584821.57778848 6826871.247102772, 11584806.05151711 6826864.08113137, 11584789.928081455 6826863.483967086, 11584763.652852982 6826851.540681417, 11584737.377624508 6826834.82008148, 11584728.420160256 6826809.7391815735, 11584723.642845988 6826791.227088786, 11584719.462696005 6826778.0894745495, 11584712.296724603 6826769.72917458, 11584703.33926035 6826751.814246076, 11584703.936424633 6826739.273796123, 11584700.353438932 6826725.539017603, 11584694.381796097 6826717.775881918, 11584687.81298898 6826714.192896217)"
200038481,"ул. Отвальная, 2",Иркутская область,,р-н Шелеховский,д Олха,Обычная автомобильная дорога (нескоростная автомобильная дорога),V,1.709,,1,"Из щебня, гравия и песка, обработанных вяжущими",,60.0,60,100,,,автомобильная дорога местного значения,30.07.2024,Венедиктова Ольга Викторовна,,Улицы и дороги местного значения - улицы в зонах жилой застройки,,,,01.02.1996,5980.0,0+000,,25 255 807 ОП МП 47,,15:25:21,,тип 2,7010.3,1,47,I,7010.3,,,"LINESTRING (11592706.27895469 6829262.036563518, 11592672.837754816 6829137.826392555, 11592562.959526656 6829070.943992806, 11592433.972041424 6829051.834735734, 11592223.77021364 6829090.053249877, 11592075.673471337 6829104.38519268, 11591989.681814516 6829128.2717640195, 11591736.484158318 6829074.526978509, 11591667.213101435 6829258.45357782, 11591552.557559008 6829435.21420573, 11591437.90201658 6829578.533633764, 11591301.748559931 6829752.905604544, 11591206.202274574 6830015.657889274, 11591179.927046102 6830240.191659861, 11590950.615961246 6830113.592831764)"
200038482,"Автомобильная дорога СНТ  Дачная-2, пер. Белочка",Иркутская область,,р-н Шелеховский,п Дачная,Обычная автомобильная дорога (нескоростная автомобильная дорога),V,0.545,,1,"Из щебня, гравия и песка, обработанных вяжущими",,30.0,40,60,,,автомобильная дорога местного значения,22.12.2023,Венедиктова Ольга Викторовна,,Местные дороги,,,,01.06.1980,1635.0,0+000,,25 255 807 ОП МП 48,,11:55:27,,тип 2,4553.8,1,48,I,4553.8,,,"LINESTRING (11586328.869049981 6822036.385004979, 11586287.067550138 6822022.053062175, 11586248.849035995 6821993.389176568, 11586210.630521853 6821944.421705323, 11586167.634693444 6821899.037219779, 11586146.136779238 6821871.567662739, 11586118.667222198 6821828.571834329, 11586099.557965126 6821797.519291588, 11586045.813179614 6821801.102277288, 11585933.54629432 6821785.576005918, 11585766.340294933 6821746.163163208, 11585701.846552318 6821704.361663365, 11585679.154309545 6821676.892106324, 11585658.850723907 6821650.616877852, 11585623.020866899 6821604.03806374)"
200038483,"Автомобильная дорога СНТ Проектировщик, пер. Проектировщик",Иркутская область,,р-н Шелеховский,п Дачная,Обычная автомобильная дорога (нескоростная автомобильная дорога),V,0.382,,1,"Из щебня, гравия и песка, обработанных вяжущими",,30.0,40,60,,,автомобильная дорога местного значения,20.08.2024,Венедиктова Ольга Викторовна,,Местные дороги,,,,01.11.1989,1146.0,0+000,,25 255 807 ОП МП 39,,12:06:21,,тип 2,3830.2,1,39,I,3830.2,,,"LINESTRING (11585445.777297894 6823663.610763727, 11585398.004155215 6823637.335535253, 11585319.178469796 6823584.785078308, 11585261.850698583 6823532.234621362, 11585221.243527306 6823537.011935629, 11585190.190984566 6823615.837621048, 11585108.976642013 6823682.720020798, 11585027.76229946 6823654.056135191, 11584960.87989971 6823611.060306781)"
200038487,"Автомобильная дорога СНТ Мелиоратор, пер. Мелиоратор",Иркутская область,,р-н Шелеховский,п Дачная,Обычная автомобильная дорога (нескоростная автомобильная дорога),V,0.216,,1,"Из щебня, гравия и песка, обработанных вяжущими",,50.0,40,100,,,автомобильная дорога местного значения,20.08.2024,Венедиктова Ольга Викторовна,,Местные дороги,,,,01.11.1989,648.0,0+000,,25 255 807 ОП МП 51,,13:24:25,,тип 2,1732.6,1,51,I,1732.6,,,"LINESTRING (11583820.715635855 6826488.60430315, 11583787.27443598 6826470.689374646, 11583747.86159327 6826456.357431842, 11583704.86576486 6826442.025489039, 11583652.315307913 6826445.60847474, 11583613.98688817 6826412.9219810385, 11583590.100316832 6826361.56585266, 11583590.100316832 6826325.735995651, 11583586.51733113 6826305.432410013)"
200038486,ул. Центральная,Иркутская область,,р-н Шелеховский,п Дачная,Обычная автомобильная дорога (нескоростная автомобильная дорога),V,5.811,,1,"Из щебня, гравия и песка, обработанных вяжущими",,60.0,40,100,,,автомобильная дорога местного значения,23.08.2024,Венедиктова Ольга Викторовна,,Местные дороги,,,,01.06.1979,17433.0,0+000,,25 255 807 ОП МП 50,,08:33:07,,тип 2,48554.1,1,50,I,48554.1,,,"LINESTRING (11585208.951695204 6828005.938441906, 11585046.523010097 6827829.177813997, 11584965.308667544 6827700.190328766, 11584802.879982438 6827552.093586463, 11584762.272811161 6827538.955972225, 11584761.078482594 6827516.263729453, 11584676.281154342 6827420.717444097, 11584585.512183253 6827328.754144441, 11584476.82828366 6827197.378002076, 11584405.168569643 6827119.746645224, 11584271.403770143 6826977.621545756, 11584175.857484756 6826876.10361755, 11584104.197770739 6826803.249574966, 11584025.37208532 6826717.257918145, 11583958.48968557 6826638.432232725, 11583920.271171417 6826609.768347114, 11583882.052657275 6826554.232068751, 11583861.749071637 6826530.345497412, 11583846.222800266 6826513.624897474, 11583839.653993148 6826487.9468332855, 11583898.773257233 6826389.414726503, 11583925.048485707 6826229.374698532, 11583934.603114242 6825918.849271123, 11583960.878342716 6825706.258786205, 11583917.882514305 6825534.275472564, 11584159.13688483 6825622.655786518, 11584517.435454918 6824669.581590086, 11584818.40625379 6823852.660850288, 11585114.59973842 6823188.614167065, 11585152.818252563 6823014.24219629, 11585186.259452438 6822830.315596978, 11585296.137680598 6822474.405684026, 11585453.789051447 6822094.60919973, 11585594.719822347 6821774.529143785, 11585630.549679356 6821631.209715751, 11585563.667279607 6821533.274773261, 11585484.841594188 6821430.562516502, 11585444.234422911 6821308.741002672, 11585415.570537305 6821225.138002986, 11585346.299480421 6821124.814403363, 11585341.522166153 6821012.547518069, 11585308.080966279 6820675.746862187)"
200038484,"Автомобильная дорога СНТ Сосновый, пер. Сосновый",Иркутская область,,р-н Шелеховский,п Дачная,Обычная автомобильная дорога (нескоростная автомобильная дорога),V,0.29,,1,"Из щебня, гравия и песка, обработанных вяжущими",,20.0,40,60,,,автомобильная дорога местного значения,20.08.2024,Венедиктова Ольга Викторовна,,Местные дороги,,,,01.11.1989,870.0,0+000,,25 255 807 ОП МП 49,,12:53:47,,тип 2,2326.2,1,49,I,2326.2,,,"LINESTRING (11584446.1769563 6826676.139773595, 11584396.015156489 6826654.64185939, 11584311.217828235 6826627.1723023495, 11584207.31124291 6826608.063045278, 11584098.627343316 6826605.674388144, 11584001.886729393 6826609.257373845, 11583960.08522955 6826616.423345247)"
200038485,"Автомобильная дорога СНТ Луч, пер. Луч",Иркутская область,,р-н Шелеховский,п Дачная,Обычная автомобильная дорога (нескоростная автомобильная дорога),V,0.513,,1,"Из щебня, гравия и песка, обработанных вяжущими",,50.0,60,200,,,автомобильная дорога местного значения,14.07.2024,Венедиктова Ольга Викторовна,,Местные дороги,,,,01.11.1989,1539.0,0+000,,25 255 807 ОП МП 38,,21:56:32,,тип 2,4.0,1,38,I,4.4,,,"LINESTRING (11586681.468447873 6821781.355960783, 11586724.464276284 6821661.923104087, 11586800.90130457 6821547.267561659, 11586915.556846997 6821413.50276216, 11587006.325818086 6821289.2925911965, 11587087.54016064 6821227.187505715, 11587178.309131727 6821150.7504774295)"
200038488,ул. Известковая 2,Иркутская область,,р-н Шелеховский,д Олха,Обычная автомобильная дорога (нескоростная автомобильная дорога),V,3.223,,1,"Из щебня, гравия и песка, обработанных вяжущими",,60.0,60,200,,,автомобильная дорога местного значения,14.07.2024,Венедиктова Ольга Викторовна,,Местные дороги,,,,01.11.1994,9669.0,0+000,,25 255 807 ОП МП 52,,21:33:25,,тип 2,31025.5,1,52,I,31025.5,,,"LINESTRING (11589990.572649138 6828695.816816045, 11590076.56430596 6828638.489044831, 11590191.219848387 6828533.388130939, 11590248.5476196 6828399.62333144, 11590286.766133742 6828055.656704157, 11590382.3124191 6827864.564133444, 11590716.724417847 6827587.47990591, 11590907.81698856 6827491.933620553, 11591328.22064413 6827205.294764484, 11591662.632642876 6826985.538308164, 11592121.254812587 6826966.429051093, 11592264.574240621 6826909.101279879, 11592455.666811334 6826603.3531667385, 11592627.650124976 6826412.260596026, 11592694.532524725 6826020.520826064, 11592818.74269569 6825676.55419878, 11592914.288981047 6825561.898656352, 11593248.700979793 6825590.56254196)"
200038479,ул. Железнодорожная 4,Иркутская область,,р-н Шелеховский,п Дачная,,V,0.1,,1,"Из щебня, гравия и песка, обработанных вяжущими",,,,,,,автомобильная дорога местного значения,,,,,,,,,300.0,0+000,,25 255 807 ОП МП 59,,,,,,0,59,,53.3,,,
200038490,"Автомобильная дорога СНТ Дачная, пер. Дачная",Иркутская область,,р-н Шелеховский,п Дачная,Обычная автомобильная дорога (нескоростная автомобильная дорога),V,0.451,,1,"Из щебня, гравия и песка, обработанных вяжущими",,10.0,40,10,,,автомобильная дорога местного значения,22.12.2023,Венедиктова Ольга Викторовна,,Местные дороги,,,,01.06.1970,1353.0,0+000,,25 255 807 ОП МП 54,,12:02:38,,тип 2,3768.0,1,54,I,3768.4,,,"LINESTRING (11586517.67272829 6821832.049672792, 11586554.696913866 6821765.167273042, 11586569.028856669 6821701.867858994, 11586532.004671093 6821624.236502141, 11586520.061385425 6821589.600973699, 11586497.369142652 6821532.273202485, 11586514.08974259 6821465.390802736, 11586560.6685567 6821415.229002924, 11586590.526770875 6821384.176460183, 11586649.048870655 6821343.569288907, 11586676.518427694 6821316.099731866, 11586694.4333562 6821286.241517693, 11586745.78948458 6821255.188974951, 11586762.510084515 6821243.245689282)"
200038489,"Автомобильная дорога СНТ Солнышко, пер Солнышко",Иркутская область,,р-н Шелеховский,п Дачная,Обычная автомобильная дорога (нескоростная автомобильная дорога),V,0.223,,1,"Из щебня, гравия и песка, обработанных вяжущими",,20.0,60,60,,,автомобильная дорога местного значения,20.08.2024,Венедиктова Ольга Викторовна,,Местные улицы,,,,01.11.1989,669.0,0+000,,25 255 807 ОП МП 53,,13:44:04,,тип 2,2161.4,1,53,I,2161.4,,,"LINESTRING (11585445.006264413 6822091.550994908, 11585384.095507499 6822076.024723538, 11585312.43579348 6822059.304123601, 11585259.885336535 6822041.389195097, 11585176.282336848 6822019.891280891, 11585118.954565633 6822010.336652355, 11585066.404108688 6821993.616052418, 11584991.16140897 6821964.952166812)"
200038491,"Автомобильная дорога СНТ Финансист, пер. Финансист",Иркутская область,,р-н Шелеховский,п Дачная,Обычная автомобильная дорога (нескоростная автомобильная дорога),V,0.889,3,1,"Из щебня, гравия и песка, обработанных вяжущими",,50.0,60,60,,,автомобильная дорога местного значения,22.12.2023,Венедиктова Ольга Викторовна,,Местные дороги,,,,01.11.2022,2667.0,0+000,,25 255 807 ОП МП 55,,10:55:16,,тип 2,0.001,1,55,I,0.001,,,"LINESTRING (11586423.791884972 6822333.836012986, 11586373.63008516 6822403.1070698695, 11586335.411571017 6822465.212155351, 11586270.917828402 6822544.037840771, 11586199.258114384 6822594.199640582, 11586110.87780043 6822587.03366918, 11586029.663457876 6822630.029497591, 11585960.392400993 6822649.138754662, 11585898.287315512 6822677.8026402695, 11585816.177226532 6822756.399998167, 11585771.688487414 6822871.283868116, 11585733.469973272 6822983.55075341, 11585697.640116263 6823083.874353034, 11585664.198916389 6823179.420638391, 11585642.701002182 6823265.412295211, 11585652.255630719 6823313.18543789, 11585714.3607162 6823359.131960406)"
200038504,ул Пушкина (0+000 - 1+900),,,,,,,,,,,,,,,,,,,,,,,,,,5.7,,,,,,,,,,,,0.1,,,
200038528,пер Кооперативный (0+000 - 0+630),,,,,,,,,,,,,,,,,,,,,,,,,,,,,,,,,,,,,,,,,
200038647,ул Восточная (0+000 - 1+000),,,,,,,,,,,,,,,,,,,,,,,,,,6000.0,,,,,,,,,,,,171120.0,,,
200038698,пер Строителей (0+000 - 0+500),,,,,,,,,,,,,,,,,,,,,,,,,,,,,,,,,,,,,,,,,
200038741,Спирин - Павлодар - 1-я Александровка (0+000 - 25+600),,,,,,,,,,,,,,,,,,,,,,,,,,153600.0,,,,,,,,,,,,129982.482,,,
200038736,ул Малиновая (0+000 - 0+200),,,,,,,,,,,,,,,,,,,,,,,,,,,,,,,,,,,,,,,,,
200038789,Подъезд к кладбищу (0+000 - 0+600),,,,,,,,,,,,,,,,,,,,,,,,,,,,,,,,,,,,,,,,,
200038818,Автомобильная дорога по ул. Речной от д.1 до д.26 в с.Покрово-Марфино (0+000 - 1+300),,,,,,,,,,,,,,,,,,,,,,,,,,,,,,,,,,,,,,,,,
200038826,"Московская область, городской округ Чехов, д. Васино (0000+000 - 0001+700)",,,,,,,,,,,,,,,,,,,,,,,,,,,,,,,,,,,,,,,,,
200038882,пр-кт Ленина (0+000 - 1+258),,,,,,,,,,,,,,,,,,,,,,,,,,7.22,,,,,,,,,,,,1.0,,,
200038923,ул Новая (0+000 - 0+400),,,,,,,,,,,,,,,,,,,,,,,,,,,,,,,,,,,,,,,,,
200038950,3 проезд от ул. Центральная до ул. Набережная (0+000 - 0+200),,,,,,,,,,,,,,,,,,,,,,,,,,800.0,,,,,,,,,,,,,,,
200038996,ул Степная (0+000 - 1+000),,,,,,,,,,,,,,,,,,,,,,,,,,5000.0,,,,,,,,,,,,0.001,,,
200039031,пер Белгородский (0+000 - 0+313),,,,,,,,,,,,,,,,,,,,,,,,,,1096.0,,,,,,,,,,,,,,,
200039081,от х Котовский до х Вдовольский (0+000 - 7+628),,,,,,,,,,,,,,,,,,,,,,,,,,34326.0,,,,,,,,,,,,0.0,,,
200039200,пер Короткий (0+000 - 0+750),,,,,,,,,,,,,,,,,,,,,,,,,,2250.0,,,,,,,,,,,,113.17,,,
200039238,ул Мира (0+000 - 4+000),,,,,,,,,,,,,,,,,,,,,,,,,,32000.0,,,,,,,,,,,,4.4,,,
200039275,Трудовая - канал им. Москвы (0+000 - 6+133),,,,,,,,,,,,,,,,,,,,,,,,,,44100.0,,,,,,,,,,,,1.0,,,
200039291,пр-кт Строителей (0+000 - 1+300),,,,,,,,,,,,,,,,,,,,,,,,,,,,,,,,,,,,,,,,,
200039361,ул Дорожная (0+000 - 0+200),,,,,,,,,,,,,,,,,,,,,,,,,,1200.0,,,,,,,,,,,,34224.0,,,
200039395,Туголуково - Искра (0+000 - 10+150),,,,,,,,,,,,,,,,,,,,,,,,,,60900.0,,,,,,,,,,,,27289.0,,,
200039438,Автомобильная дорога по ул.Романовской от д.1 до д.26 в д.Алексеевке (0+000 - 1+300),,,,,,,,,,,,,,,,,,,,,,,,,,5200.0,,,,,,,,,,,,,,,
200039446,пер Лермонтова (0+000 - 0+588),,,,,,,,,,,,,,,,,,,,,,,,,,,,,,,,,,,,,,,,,
200039452,ул Коммунистическая (0+000 - 0+650),,,,,,,,,,,,,,,,,,,,,,,,,,,,,,,,,,,,,,,,,
200039448,пер Лермонтова (0+000 - 0+726),,,,,,,,,,,,,,,,,,,,,,,,,,,,,,,,,,,,,,,,,
200039517,ул Урожайная (0+000 - 0+320),,,,,,,,,,,,,,,,,,,,,,,,,,1280.0,,,,,,,,,,,,0.001,,,
200039521,пер Титова (0+000 - 0+224),,,,,,,,,,,,,,,,,,,,,,,,,,1344.0,,,,,,,,,,,,0.001,,,
200039599,"""Тамбов - Пенза"" - Инжавино - Уварово"" - Ольшанка - подъезд к с. Ольшанка (0+000 - 1+100)",,,,,,,,,,,,,,,,,,,,,,,,,,6600.0,,,,,,,,,,,,40181.329,,,
200039727,Проезд от Гавриловского шоссе в сторону ОАО «Синтез»,Нижегородская область,г Дзержинск,,,,,1.987,,,Асфальтобетонные,,,,,,,автомобильная дорога местного значения,,,,,,,,13.04.2012,,,,22 421 ОП МГ 171,,,,,,0,171,,,,,
200039728,"Проезд от ул.Буденного, д.1-3 до ул.Петрищева, д.4А",Нижегородская область,г Дзержинск,,,,,0.207,,,Асфальтобетонные,,,,,,,автомобильная дорога местного значения,,,,,,,,13.04.2012,,,,22 421 ОП МГ 172,,,,,,0,172,,,,,
200039729,"Проезд от автодороги «Южный обход
г.Дзержинска» между МКД
№ № 32, 34 по ул. Попова",Нижегородская область,г Дзержинск,,,,,0.232,,,Асфальтобетонные,,,,,,,автомобильная дорога местного значения,,,,,,,,13.04.2012,,,,22 421 ОП МГ 173,,,,,,0,173,,,,,
200039730,Участок автодороги от конечной трассы «Дзержинск-Восточный» до а/д М-7 «Волга»,Нижегородская область,г Дзержинск,,,,,0.519,,,Асфальтобетонные,,,,,,,автомобильная дорога местного значения,,,,,,,,13.04.2012,,,,22 421 ОП МГ 169,,,,,,0,169,,,,,
200039744,проезд Березовый (0+000 - 0+600),,,,,,,,,,,,,,,,,,,,,,,,,,2.7,,,,,,,,,,,,1.0,,,
200039778,ул.Парковая (0+000 - 0+200),,,,,,,,,,,,,,,,,,,,,,,,,,,,,,,,,,,,,,,,,
200039829,4 проезд от ул. Центральная до ул. Набережная (0+000 - 0+200),,,,,,,,,,,,,,,,,,,,,,,,,,800.0,,,,,,,,,,,,,,,
200039879,ул Заречная (0+000 - 1+181),,,,,,,,,,,,,,,,,,,,,,,,,,6495.5,,,,,,,,,,,,1.0,,,
200040118,ул Советская (0+000 - 0+431),,,,,,,,,,,,,,,,,,,,,,,,,,1939.5,,,,,,,,,,,,,,,
200040141,Подъезд к скотомогильику (0+000 - 1+500),,,,,,,,,,,,,,,,,,,,,,,,,,,,,,,,,,,,,,,,,
200040190,ул Ежкова (0+000 - 1+500),,,,,,,,,,,,,,,,,,,,,,,,,,,,,,,,,,,,,,,,,
200040252,пер Крайний (0+000 - 0+140),,,,,,,,,,,,,,,,,,,,,,,,,,560.0,,,,,,,,,,,,3.0,,,
200040273,ул Дружбы (0+000 - 0+150),,,,,,,,,,,,,,,,,,,,,,,,,,750.0,,,,,,,,,,,,293640.0,,,
200040296,Цветовка - Преображеновка (0+000 - 3+000),,,,,,,,,,,,,,,,,,,,,,,,,,18000.0,,,,,,,,,,,,2059.0,,,
200040335,ул Зеленая (0+000 - 1+191),,,,,,,,,,,,,,,,,,,,,,,,,,6550.5,,,,,,,,,,,,1.0,,,
200040418,ул Комсомольская (0+000 - 3+000),,,,,,,,,,,,,,,,,,,,,,,,,,,,,,,,,,,,,,,,,
200040449,пер Север-Восточный (0+000 - 0+430),,,,,,,,,,,,,,,,,,,,,,,,,,,,,,,,,,,,,,,,,
200040932,Подъезд к ул. Заречной,Еврейская автономная область,,р-н Смидовичский,п Смидович,Обычная автомобильная дорога (нескоростная автомобильная дорога),V,0.500,,2,Грунтовые,,60.0,,100,,,автомобильная дорога местного значения,07.08.2024,Осипова Ирина Степановна,,Местные дороги,,,,30.12.2005,3.48,0+000,,99 230 551 ОП МП 030,,14:20:28,,тип 2,,1,№30,II,5.5,,,"LINESTRING (14895128.448333677 6208493.343341342, 14894923.023820162 6209439.251566371, 14894942.133077232 6209764.108936583, 14894794.03633493 6210423.378305542)"
200040911,пер Шевченко (0+000 - 1+300),,,,,,,,,,,,,,,,,,,,,,,,,,5200.0,,,,,,,,,,,,0.001,,,
200040933,Подъезд к кладбищу,Еврейская автономная область,,р-н Смидовичский,п Смидович,Обычная автомобильная дорога (нескоростная автомобильная дорога),V,1.40,,2,Грунтовые,,30.0,60,60,,,автомобильная дорога местного значения,05.08.2024,Осипова Ирина Степановна,,Местные дороги,,,,30.12.2005,13.2,0+000,,99 230 551 ОП МП 003,,15:53:04,,тип 2,,1,№ 3,II,15.4,,,"LINESTRING (14890996.352510499 6205679.505237585, 14891130.117309997 6207399.338374001)"
200040934,"ул.Заречная, подъезд к водозабору",Еврейская автономная область,,р-н Смидовичский,п Смидович,Обычная автомобильная дорога (нескоростная автомобильная дорога),"IV, V",1.3,,2,"Асфальтобетонные, Грунтовые",,100.0,60,100,,,автомобильная дорога местного значения,20.08.2024,Осипова Ирина Степановна,,Местные дороги,,,,30.12.2005,3.48,0+000,,99 230 551 ОП МП 030,,15:32:11,,тип 2,,1,№30,II,14.3,,,"LINESTRING (14894655.775239663 6211001.4333319515, 14894813.426610501 6210237.063049099, 14894899.418267323 6209773.663565121, 14894885.086324519 6209520.465908926, 14894980.632609876 6209071.39836775)"
200040936,"Подъезд к животноводческому комплексу ""Лукьяненко""",Еврейская автономная область,,р-н Смидовичский,с Песчаное,Обычная автомобильная дорога (нескоростная автомобильная дорога),V,0.60,,2,Грунтовые,,40.0,60,200,,,автомобильная дорога местного значения,07.08.2024,Осипова Ирина Степановна,,,,,,30.12.2005,3.6,0+000,,99 230 551 ОП МП 056,,12:01:22,,тип 2,,1,№56,II,6.6,,,"LINESTRING (14901057.376358526 6209069.009710627, 14901224.5823579 6208908.969682654, 14901215.027729364 6208849.2532543065, 14901286.687443381 6208729.820397611)"
200040940,"Подъезд к животноводческому комплексу ""Лукьяненко""",Еврейская автономная область,,р-н Смидовичский,с Белгородское,Обычная автомобильная дорога (нескоростная автомобильная дорога),V,0.80,,2,Грунтовые,,100.0,60,100,,,автомобильная дорога местного значения,07.08.2024,Осипова Ирина Степановна,,Местные дороги,,,,30.12.2005,6.0,0+000,,99 230 551 ОП МП 072,,12:52:07,,тип 2,,1,№72,II,8.8,,,"LINESTRING (14886238.147499783 6205849.0998940775, 14886223.81555698 6205958.978122237, 14886247.70212832 6206052.13575046, 14886161.710471498 6206111.852178807, 14886133.046585891 6206128.572778746, 14886488.956498845 6206570.474348519)"
200040931,Смидович-Песчаное,Еврейская автономная область,,р-н Смидовичский,п Смидович,Скоростная автомобильная дорога,"III, IV",8.241,,2,Асфальтобетонные,,1000.0,90,1000,,,автомобильная дорога местного значения,07.08.2024,Осипова Ирина Степановна,,,,,,30.12.2005,49.44,0+000,,99 230 551 ОП МП 001,,17:06:21,,тип 2,,1,№1,II,90.65,,,"MULTILINESTRING ((14899824.829277432 6207700.30917287, 14899791.388077587 6207561.767059111, 14899865.436448738 6207342.010602791, 14899863.047791604 6207143.752060676, 14899824.829277461 6207062.537718123), (14901109.926815482 6209553.90710879, 14901064.542329937 6209107.228224749, 14900073.249619365 6207977.393400408, 14899824.829277432 6207700.30917287))"
200040943,Грунтовая дорога на ул.Заречную с ул.Шоссейной,Еврейская автономная область,,р-н Смидовичский,ст Оль,Обычная автомобильная дорога (нескоростная автомобильная дорога),IV,0.5,,2,Грунтовые,,40.0,40,40,,,автомобильная дорога местного значения,06.08.2024,Осипова Ирина Степановна,,,,,,30.12.2005,0.5,0+000,,99 230 551 ОП МП 077,,10:30:25,,тип 2,,1,№77,II,5.5,,,"MULTILINESTRING ((14874189.76091627 6206373.410134988, 14874176.623302033 6206620.6361483475), (14874187.37225914 6206396.10237776, 14874186.17793057 6206393.713720626))"
200040944,Грунтовая дорога на песчаный карьер,Еврейская автономная область,,р-н Смидовичский,с Аур,Обычная автомобильная дорога (нескоростная автомобильная дорога),V,1.5,,2,Грунтовые,,60.0,60,60,,,автомобильная дорога местного значения,05.08.2024,Осипова Ирина Степановна,,Местные дороги,,,,30.12.2005,3.0,0+000,,99 230 551 ОП МР 083,,15:55:47,,тип 2,,1,№83,II,29.700,,,"MULTILINESTRING ((14853781.074364154 6212214.871155965, 14854287.469676541 6212673.493325673), (14854287.469676541 6212673.493325673, 14854048.60396316 6212960.13218173))"
200040935,Подъезд к Урминской осушительной системе,Еврейская автономная область,,р-н Смидовичский,с Песчаное,Обычная автомобильная дорога (нескоростная автомобильная дорога),V,2.00,,2,Грунтовые,,60.0,60,60,,,автомобильная дорога местного значения,20.08.2024,Осипова Ирина Степановна,,Местные дороги,,,,30.12.2005,3.6,0+000,,99 230 551 ОП МП 055,,17:30:27,,тип 2,,1,№55,II,22.0,,,"LINESTRING (14933808.25432159 6209264.879595606, 14933755.703864643 6209482.247394792, 14933755.703864643 6209630.344137095, 14933793.922378786 6209752.165650924, 14933848.861492867 6209881.153136156, 14933896.634635545 6209995.808678583, 14933870.359407071 6210060.302421199, 14933844.084178599 6210146.294078019, 14933856.027464269 6210265.726934715)"
200040937,Подъезд к кладбищу(с.Песчаное),Еврейская автономная область,,р-н Смидовичский,с Песчаное,Обычная автомобильная дорога (нескоростная автомобильная дорога),V,0.60,,2,Грунтовые,,40.0,60,200,,,автомобильная дорога местного значения,06.08.2024,Осипова Ирина Степановна,,,,,,30.12.2005,5.4,0+000,,99 230 551 ОП МП 057,,10:11:18,,тип 2,,1,№57,II,6.6,,,"LINESTRING (14901604.378842203 6209158.584353134, 14901526.74748535 6209207.551824379)"
200040938,"Подъезд к Песчановской осушительной системе, расположенной за ст. Ольгохта",Еврейская автономная область,,р-н Смидовичский,с Песчаное,Обычная автомобильная дорога (нескоростная автомобильная дорога),V,0.90,,2,Грунтовые,,50.0,60,60,,0,автомобильная дорога местного значения,,,,Местные дороги,,,,30.12.2005,2.22,0+000,,99 230 551 ОП МП 058,,,,тип 2,,,№58,II,9.9,,,
200040948,Подъездная дорога к крестьянскому хозяйству Ермакова,Еврейская автономная область,,р-н Смидовичский,с Аур,Обычная автомобильная дорога (нескоростная автомобильная дорога),V,2.0,,2,Грунтовые,,40.0,60,60,,,автомобильная дорога местного значения,13.08.2024,Осипова Ирина Степановна,,Местные дороги,,,,30.12.2005,11.4,0+000,,99 230 551 ОП МП 086,,12:23:05,,тип 2,,1,№86,II,3.3,,,"LINESTRING (14851227.599888032 6212401.186412417, 14851234.765859433 6212494.34404064, 14851375.696630334 6212823.9787251195)"
200040939,Подъезд к сенокосам (за перездом с. Белгородское),Еврейская автономная область,,р-н Смидовичский,с Белгородское,Обычная автомобильная дорога (нескоростная автомобильная дорога),V,8.00,,2,Грунтовые,,60.0,60,100,,,автомобильная дорога местного значения,12.08.2024,Осипова Ирина Степановна,,Местные дороги,,,,30.12.2005,4.8,0+000,,99 230 551 ОП МП 071,,17:33:24,,тип 2,,1,№71,II,88.0,,,"LINESTRING (14886490.539240452 6205714.543723777, 14886347.219812417 6205466.12338185, 14886485.761926204 6204553.656356691)"
200040952,"Переулки без названий, соединяющие ул.Кирова с ул. 30 лет Победы, ул.Советскую с ул.Комсомольской, ул. Чкалова с ул.Комсомольской, ул.Октябрьскую с ул. Кирова",Еврейская автономная область,,р-н Смидовичский,п Смидович,Обычная автомобильная дорога (нескоростная автомобильная дорога),V,1.90,,2,Грунтовые,,100.0,60,100,,,автомобильная дорога местного значения,21.08.2024,Осипова Ирина Степановна,,Местные дороги,,,,30.12.2005,11.0,0+000,,99 230 551 ОП МП 087,,09:40:30,,тип 2,,1,№87,II,20.9,,,"MULTILINESTRING ((14895647.067950206 6206465.373434641, 14895614.821078898 6206572.863005667), (14895693.646764338 6205979.2817078605, 14895700.812735738 6205925.536922348, 14895719.92199281 6205863.431836866, 14895742.614235582 6205812.075708487, 14895730.670949914 6205723.695394532), (14896399.494947432 6206646.911376803, 14896435.32480444 6206521.506877272))"
200040941,Подъезд к гаражам,Еврейская автономная область,,р-н Смидовичский,с Белгородское,Обычная автомобильная дорога (нескоростная автомобильная дорога),V,1.00,,2,Грунтовые,,60.0,60,60,,0,автомобильная дорога местного значения,06.08.2024,Осипова Ирина Степановна,,Местные дороги,,,,30.12.2005,3.6,0+000,,99 230 551 ОП МП 073,,15:30:47,,тип 2,,1,№73,II,11.0,,,"MULTILINESTRING ((14885763.999058662 6206897.720375904, 14885762.882926786 6206799.500770706), (14885762.882926786 6206799.500770706, 14885792.66294427 6206699.461833789))"
200040942,Грунтовая дорога на фермерское хозяйство Раковых,Еврейская автономная область,,р-н Смидовичский,ст Икура,Обычная автомобильная дорога (нескоростная автомобильная дорога),V,0.60,,2,Грунтовые,,100.0,60,100,,0,автомобильная дорога местного значения,06.08.2024,Осипова Ирина Степановна,,,,,,30.12.2005,0.12,0+000,,99 230 551 ОП МП 073,,10:36:32,,тип 2,,1,№73,II,6.6,,,"LINESTRING (14828040.905089114 6224511.678081363, 14828146.006003005 6224970.300251069, 14828346.653202254 6225209.16596446, 14828289.325431041 6225323.821506888)"
200040945,Дорога на ШПЗ,Еврейская автономная область,,р-н Смидовичский,с Аур,Обычная автомобильная дорога (нескоростная автомобильная дорога),IV,0.5,,2,Асфальтобетонные,,50.0,60,100,,,автомобильная дорога местного значения,06.08.2024,Осипова Ирина Степановна,,Местные дороги,,,,30.12.2005,1.8,0+000,,99 230 551 ОП МП 084,,11:37:53,,тип 2,,1,№84,II,16.5,,,"MULTILINESTRING ((14854863.733210102 6212004.669328177, 14854933.004266985 6211852.392435891), (14854935.990088403 6212035.721870918, 14854936.587252686 6212035.721870918, 14854863.733210102 6212004.669328177), (14854933.004266985 6211852.392435891, 14854956.890838321 6211853.586764463), (14854956.890838321 6211853.586764463, 14855205.311180249 6211967.047978324), (14855205.311180249 6211967.047978324, 14855296.080151338 6212011.835299585, 14855324.14687266 6211929.426628465))"
200040946,Подъезд к кладбищу,Еврейская автономная область,,р-н Смидовичский,с Аур,Обычная автомобильная дорога (нескоростная автомобильная дорога),V,0.3,,2,Грунтовые,,100.0,60,100,,,автомобильная дорога местного значения,13.08.2024,Осипова Ирина Степановна,,Местные дороги,,,,30.12.2005,12.0,0+000,,99 230 551 ОП МП 086,,11:52:08,,тип 2,,1,№86,II,5.5,,,"LINESTRING (14853296.176965982 6212358.190583992, 14853286.622337446 6212212.482498823, 14853273.48472321 6212122.907856301, 14853261.54143754 6212071.551727923, 14853273.48472321 6212016.612613842, 14853304.53726595 6211941.369914124)"
200040977,5 проезд от ул. Центральная до ул. Набережная (0+000 - 0+200),,,,,,,,,,,,,,,,,,,,,,,,,,800.0,,,,,,,,,,,,,,,
200041006,Автомобильная дорога по ул.Садовой от д.1 до д.34 в д. Третьяковка (0+000 - 1+500),,,,,,,,,,,,,,,,,,,,,,,,,,,,,,,,,,,,,,,,,
200041016,ул Акутихинская (0+000 - 1+500),,,,,,,,,,,,,,,,,,,,,,,,,,,,,,,,,,,,,,,,,
200041052,ул Благодатная (0+000 - 0+370),,,,,,,,,,,,,,,,,,,,,,,,,,1480.0,,,,,,,,,,,,170.2,,,
200041093,пер Саратовский (0+000 - 0+174),,,,,,,,,,,,,,,,,,,,,,,,,,522.0,,,,,,,,,,,,,,,
200041143,ул Монтикова (0+000 - 3+199),,,,,,,,,,,,,,,,,,,,,,,,,,,,,,,,,,,,,,,,,
200041187,ул Железнодорожная (0+000 - 1+200),,,,,,,,,,,,,,,,,,,,,,,,,,6000.0,,,,,,,,,,,,1441620.0,,,
200041219,ул Лермонтова (0+000 - 0+800),,,,,,,,,,,,,,,,,,,,,,,,,,2400.0,,,,,,,,,,,,120.71,,,
200041254,6 проезд от ул. Центральная до ул. Набережная (0+000 - 0+200),,,,,,,,,,,,,,,,,,,,,,,,,,800.0,,,,,,,,,,,,,,,
200041294,Айкино - Кослан от автомобильной дороги Вогваздино - Яренск (75+142 - 79+963),,,,,,,,,,,,,,,,,,,,,,,,,,,,,,,,,,,,,,,,,
200041306,ул Амурская (0+000 - 0+600),,,,,,,,,,,,,,,,,,,,,,,,,,,,,,,,,,,,,,,,,
200041390,ул Весенняя (0+000 - 0+600),,,,,,,,,,,,,,,,,,,,,,,,,,2100.0,,,,,,,,,,,,241.5,,,
200041408,пер Степной (0+000 - 0+500),,,,,,,,,,,,,,,,,,,,,,,,,,2000.0,,,,,,,,,,,,7.5,,,
200041455,ул Краснофлотская (0+000 - 0+450),,,,,,,,,,,,,,,,,,,,,,,,,,1350.0,,,,,,,,,,,,,,,
200041443,Буньково - Балахонки (0+000 - 7+720),,,,,,,,,,,,,,,,,,,,,,,,,,,,,,,,,,,,,,,,,
200041491,пер Школьный (0+000 - 0+354),,,,,,,,,,,,,,,,,,,,,,,,,,2124.0,,,,,,,,,,,,0.001,,,
200041541,от х Кривовский до х Сазоновский (0+000 - 1+871),,,,,,,,,,,,,,,,,,,,,,,,,,8419.5,,,,,,,,,,,,0.0,,,
200041568,пер Лермонтова (0+000 - 0+900),,,,,,,,,,,,,,,,,,,,,,,,,,2700.0,,,,,,,,,,,,135.808,,,
200041674,7 проезд от ул. Центральная до ул. Набережная (0+000 - 0+120),,,,,,,,,,,,,,,,,,,,,,,,,,480.0,,,,,,,,,,,,,,,
200041716,ул Полевая (0+000 - 0+280),,,,,,,,,,,,,,,,,,,,,,,,,,1120.0,,,,,,,,,,,,128.8,,,
200041767,ул Садовая (0+000 - 0+200),,,,,,,,,,,,,,,,,,,,,,,,,,1400.0,,,,,,,,,,,,,,,
200041820,"М-2 ""Крым"" - Москва - Тула - Орел - Курск - Белгород - граница с Украиной, км 476 + 230 - 478 + 620 (476+230 - 478+620)",,,,,,,,,,,,,,,,,,,,,,,,,,16730.0,,,,,,,,,,,,198858.003,,,
200041833,ул. Лесная (0+000 - 0+020),,,,,,,,,,,,,,,,,,,,,,,,,,,,,,,,,,,,,,,,,
200041899,ул Луговая (0+000 - 1+600),,,,,,,,,,,,,,,,,,,,,,,,,,4800.0,,,,,,,,,,,,241.437,,,
200041934,от х Криушинский до х Зотов (0+000 - 3+547),,,,,,,,,,,,,,,,,,,,,,,,,,26568.0,,,,,,,,,,,,0.0,,,
200041995,проезд от с Старая Иванцовка до животноводческой точки ЛПХ А М Милаева (0+000 - 4+300),,,,,,,,,,,,,,,,,,,,,,,,,,25800.0,,,,,,,,,,,,387.0,,,
200042024,ул Вишневая (0+000 - 1+930),,,,,,,,,,,,,,,,,,,,,,,,,,,,,,,,,,,,,,,,,
200042054,пер Центральный (0+000 - 0+120),,,,,,,,,,,,,,,,,,,,,,,,,,480.0,,,,,,,,,,,,3.0,,,
200042081,ул Гагарина (0+000 - 0+141),,,,,,,,,,,,,,,,,,,,,,,,,,,,,,,,,,,,,,,,,
200042089,ул Советская (0+000 - 0+217),,,,,,,,,,,,,,,,,,,,,,,,,,1519.0,,,,,,,,,,,,,,,
200042156,ул Красный Луч (0+000 - 0+400),,,,,,,,,,,,,,,,,,,,,,,,,,,,,,,,,,,,,,,,,
200042162,ул Кооперативная (0+000 - 3+900),,,,,,,,,,,,,,,,,,,,,,,,,,11700.00,,,,,,,,,,,,2448.657,,,
200042193,ул Западная (0+000 - 0+400),,,,,,,,,,,,,,,,,,,,,,,,,,2000.0,,,,,,,,,,,,297040.0,,,
200042259,от х Криушинский до х Уваровский (0+000 - 9+015),,,,,,,,,,,,,,,,,,,,,,,,,,26568.0,,,,,,,,,,,,0.0,,,
200042278,ул Советская (0+000 - 1+400),,,,,,,,,,,,,,,,,,,,,,,,,,,,,,,,,,,,,,,,,
200042323,проезд от ул Дружбы до ул Первомайская (0+000 - 0+673),,,,,,,,,,,,,,,,,,,,,,,,,,4038.0,,,,,,,,,,,,60.57,,,
200042414,ул Школьная (0+000 - 0+577),,,,,,,,,,,,,,,,,,,,,,,,,,4039.0,,,,,,,,,,,,,,,
200042464,"ст. Кривецкая - Мантурово - ""Лукьяновка - Тим - ""Курск - Борисоглебск"" (0+000 - 22+200)",,,,,,,,,,,,,,,,,,,,,,,,,,140700.0,,,,,,,,,,,,229642.891,,,
200042469,ул Зеленая (0+000 - 0+300),,,,,,,,,,,,,,,,,,,,,,,,,,1200.0,,,,,,,,,,,,178224.0,,,
200042521,ул Мичурина (0+000 - 0+400),,,,,,,,,,,,,,,,,,,,,,,,,,,,,,,,,,,,,,,,,
200042543,ул Интернациональная (0+000 - 0+574),,,,,,,,,,,,,,,,,,,,,,,,,,3444.0,,,,,,,,,,,,1.0,,,
200042576,ул М.Расковой (0+000 - 1+300),,,,,,,,,,,,,,,,,,,,,,,,,,,,,,,,,,,,,,,,,
200042568,ул Молодежная (0+000 - 0+800),,,,,,,,,,,,,,,,,,,,,,,,,,,,,,,,,,,,,,,,,
200042616,пр-д Парковый (0+000 - 0+307),,,,,,,,,,,,,,,,,,,,,,,,,,1842.00,,,,,,,,,,,,123.63,,,
200042609,ул Центральная (0+000 - 0+400),,,,,,,,,,,,,,,,,,,,,,,,,,,,,,,,,,,,,,,,,
200042692,ул Юбилейная (0+000 - 0+800),,,,,,,,,,,,,,,,,,,,,,,,,,,,,,,,,,,,,,,,,
200042690,Прямицыно - АБЗ Октябрьского ДЭП на км 1 + 275 в Октябрьском районе Курской области на участке км 1 + 212 - км 1 + 786 (0+000 - 0+574),,,,,,,,,,,,,,,,,,,,,,,,,,2583.0,,,,,,,,,,,,,,,
200042705,ул Ленина (0+000 - 0+900),,,,,,,,,,,,,,,,,,,,,,,,,,5400.0,,,,,,,,,,,,1802.589,,,
200042787,пер Малый (0+000 - 0+900),,,,,,,,,,,,,,,,,,,,,,,,,,2700.0,,,,,,,,,,,,135.808,,,
200042859,ул Коллективная (0+000 - 0+600),,,,,,,,,,,,,,,,,,,,,,,,,,3600.0,,,,,,,,,,,,246672.0,,,
200042884,ул Киевская (0+000 - 0+598),,,,,,,,,,,,,,,,,,,,,,,,,,3588.0,,,,,,,,,,,,1.0,,,
200042897,ул Новоселовка (0+000 - 0+800),,,,,,,,,,,,,,,,,,,,,,,,,,,,,,,,,,,,,,,,,
200042911,проезд от ул  Новая до животноводческой точки ЛПХ А К Мажитова (0+000 - 1+870),,,,,,,,,,,,,,,,,,,,,,,,,,11220.0,,,,,,,,,,,,168.3,,,
200042968,от х Криушинский до х Уваровский (0+000 - 0+402),,,,,,,,,,,,,,,,,,,,,,,,,,2613.0,,,,,,,,,,,,0.0,,,
200043032,ул Комсомольская (0+000 - 0+315),,,,,,,,,,,,,,,,,,,,,,,,,,1890.0,,,,,,,,,,,,1.0,,,
200043045,ул Зеленая (0+000 - 0+400),,,,,,,,,,,,,,,,,,,,,,,,,,,,,,,,,,,,,,,,,
200046178,ул Короткая (0+000 - 0+200),,,,,,,,,,,,,,,,,,,,,,,,,,1000.0,,,,,,,,,,,,148520.0,,,
200046201,ул Кирова (0+000 - 0+200),,,,,,,,,,,,,,,,,,,,,,,,,,,,,,,,,,,,,,,,,
200046216,ул Комсомольская (0+000 - 1+195),,,,,,,,,,,,,,,,,,,,,,,,,,6572.5,,,,,,,,,,,,1.0,,,
200046245,проезд от ул Совхозная до ул Асфальтная (0+000 - 0+665),,,,,,,,,,,,,,,,,,,,,,,,,,3990.0,,,,,,,,,,,,0.001,,,
200046260,ул Сосновая (0+000 - 0+685),,,,,,,,,,,,,,,,,,,,,,,,,,,,,,,,,,,,,,,,,
200046628,ул Ясная (0+000 - 0+310),,,,,,,,,,,,,,,,,,,,,,,,,,1860.0,,,,,,,,,,,,,,,
200049508,пер Первомайский (0+000 - 0+200),,,,,,,,,,,,,,,,,,,,,,,,,,1000.0,,,,,,,,,,,,,,,
200049566,ул Крайняя (0+000 - 0+889),,,,,,,,,,,,,,,,,,,,,,,,,,5334.0,,,,,,,,,,,,1.0,,,
200049585,ул Набережная (0+000 - 2+600),,,,,,,,,,,,,,,,,,,,,,,,,,,,,,,,,,,,,,,,,
200053197,ул Красноармейская (0+000 - 0+679),,,,,,,,,,,,,,,,,,,,,,,,,,3734.5,,,,,,,,,,,,1.0,,,
200053241,ул 50 лет ВЛКСМ (0+000 - 0+296),,,,,,,,,,,,,,,,,,,,,,,,,,1184.0,,,,,,,,,,,,0.001,,,
200053266,ул Федюнина (0+000 - 0+750),,,,,,,,,,,,,,,,,,,,,,,,,,3000.0,,,,,,,,,,,,0.001,,,
200053579,От дома №1а по ул Молодежная до границы Ставропольского края,Кабардино-Балкарская Республика,,р-н Зольский,с Белокаменское,Обычная автомобильная дорога (нескоростная автомобильная дорога),V,1.5,4,1,Грунтовые,,300.0,70,300,,,автомобильная дорога местного значения,10.12.2024,Маремкулова Мариета Владимировна,,Местные улицы,,,,01.01.1950,6000.0,0+000,,83-215-000 ОП МП 07,60.0,11:37:42,,тип 1,,1,07,IV,,,,"LINESTRING (4789417.964976248 5447291.168801132, 4789453.794833258 5449377.063643316)"
200053578,"Подъездной путь к ФОК ОТ по ул Центральная, 2а",Кабардино-Балкарская Республика,,р-н Зольский,с Белокаменское,Обычная автомобильная дорога (нескоростная автомобильная дорога),V,0.3,4,1,Асфальтобетонные,,300.0,60,300,,,автомобильная дорога местного значения,10.12.2024,Маремкулова Мариета Владимировна,,Улицы и дороги местного значения - улицы в зонах жилой застройки,,,,01.10.2022,1200.0,0+000,,83-215-000 ОП МП 16,80.0,11:36:46,,тип 1,,1,16,IV,,,,"LINESTRING (4789153.227880346 5447228.970062151, 4789136.507280408 5447336.459633177, 4789162.782508881 5447409.910840045, 4789377.761650933 5447472.015925527)"
200053581,От трассы (лесополосные  насаждения) до границы  Ставропольского края,Кабардино-Балкарская Республика,,р-н Зольский,с Белокаменское,Обычная автомобильная дорога (нескоростная автомобильная дорога),V,1.58,4,1,Грунтовые,,300.0,70,300,,,автомобильная дорога местного значения,10.12.2024,Маремкулова Мариета Владимировна,,Местные дороги,,,,01.01.1950,6320.0,,,83-215-000 ОП МП 09,60.0,11:38:57,,тип 1,,1,09,IV,,,,"MULTILINESTRING ((4792751.089264303 5447517.643133889, 4792752.880757154 5447782.18691147, 4792764.226878541 5448128.542195893, 4792766.615535675 5448150.040110098, 4792767.809864242 5448176.912502854, 4792765.421207108 5448216.325345564, 4792763.629714257 5448299.331180967, 4792764.686771722 5448369.962685452, 4792761.700950304 5448378.322985421, 4792755.729307469 5448383.100299689, 4792743.188857516 5448383.100299689, 4792617.7843579855 5448384.8917925395, 4792472.076272813 5448385.488956821, 4792355.032073251 5448386.086121105, 4792315.619230541 5448385.488956821, 4792197.380702413 5448392.05776394, 4792161.550845404 5448410.5698567275), (4792161.550845404 5448410.5698567275, 4792009.273953116 5448420.721649537, 4791977.027081808 5448424.304635237, 4791951.946181902 5448419.52732097, 4791920.893639161 5448380.11447826, 4791899.395724956 5448365.782535456, 4791864.7601965135 5448365.782535456, 4791824.153025237 5448359.810892622, 4791812.209739568 5448109.001893561, 4791812.209739568 5448046.896808079))"
200053582,От ОПХ до второй вышки,Кабардино-Балкарская Республика,,р-н Зольский,с Белокаменское,Обычная автомобильная дорога (нескоростная автомобильная дорога),V,10.2,,1,Грунтовые,,300.0,70,300,,,автомобильная дорога местного значения,17.12.2024,Маремкулова Мариета Владимировна,,Местные дороги,,,,01.01.1950,40800.0,0+000,,83-215-000 ОП МП 10,60.0,14:08:34,,тип 1,,1,10,IV,,,,"LINESTRING (4787781.629900332 5447239.606563547, 4786615.965218983 5446981.631593085, 4785710.577264411 5446719.51232679, 4785151.631495076 5446561.860955952, 4784884.101896078 5446499.755870471, 4784597.463040008 5446451.982727792, 4784286.9376126 5446432.873470721, 4783904.752471174 5446237.00358574, 4783684.996014854 5446079.352214902, 4783479.571501338 5446031.579072224, 4783417.466415856 5445926.4781583315, 4783341.029387571 5445835.709187243, 4783207.264588072 5445668.503187869, 4782858.520646521 5445472.633302889, 4781721.519850777 5444770.368105515, 4781587.7550512785 5444607.939420409, 4781334.557395084 5444474.17462091, 4781090.914367425 5444378.628335553, 4780689.619968927 5444111.098736555, 4780503.304712483 5443877.010337432, 4780355.207970181 5443533.043710149, 4780345.653341644 5443394.501596382, 4780125.896885324 5443112.640054582, 4779906.140429005 5442935.879426672, 4779762.82100097 5442529.807713907, 4779705.493229753 5442009.080458707, 4778902.564919488 5441230.03871978, 4778477.383949651 5440909.958663835, 4778090.421493958 5440499.109636802, 4777808.559952156 5440069.151352699, 4777574.471553032 5439696.5208398085, 4777588.8034958355 5439376.440783864, 4777593.580810104 5439309.558384115)"
200053583,От ОПХ до границы  Ставропольского края (лесополоса),Кабардино-Балкарская Республика,,р-н Зольский,с Белокаменское,Обычная автомобильная дорога (нескоростная автомобильная дорога),V,1.5,4,1,Грунтовые,,300.0,70,300,,,автомобильная дорога местного значения,10.12.2024,Маремкулова Мариета Владимировна,,Местные дороги,,,,01.01.1950,6000.0,0+000,,83-215-000 ОП МП 11,60.0,11:50:30,,тип 1,,1,11,IV,,,,"LINESTRING (4788217.020151468 5447315.279857257, 4788208.659851499 5447342.152250014, 4788198.700498888 5447417.829439293, 4788206.463634574 5447447.090489184, 4788210.046620275 5447476.948703357, 4788210.643784558 5447506.8069175305, 4788213.0324416915 5447603.886462534, 4788212.435277408 5447654.048262346, 4788208.255127423 5447723.31931923, 4788204.672141722 5447787.215897562, 4788198.700498888 5447866.638747265, 4788198.103334605 5447886.345168619, 4788207.060798856 5447915.60621851, 4788215.74506253 5447928.531087764, 4788240.228798153 5447935.697059165, 4788264.115369491 5447932.711237747, 4788284.41895513 5447933.905566314, 4788297.556569367 5448017.508566001, 4788311.888512169 5448077.062131362, 4788322.040304988 5448129.015424025, 4788323.234633555 5448161.262295333, 4788325.623290689 5448202.466630893, 4788335.775083511 5448241.219449918, 4788345.329712046 5448285.990631602, 4788345.329712046 5448329.583624295, 4788339.955233495 5448414.978116833, 4788326.817619259 5448449.016480991, 4788302.931047919 5448477.680366598, 4788273.669998029 5448500.372609369, 4788242.020291004 5448519.481866442, 4788225.896855351 5448533.216644961, 4788206.787598279 5448559.491873434, 4788197.830134028 5448578.601130505, 4788218.133719664 5448898.084022171, 4788253.366412389 5448933.913879179, 4788319.054483571 5448993.033143244, 4788346.524040611 5449012.142400315, 4788357.870161997 5449073.05315723, 4788363.866328484 5449206.88335313)"
200053585,ОПХ - 93  га. Сухая Балка,Кабардино-Балкарская Республика,,р-н Зольский,с Белокаменское,Обычная автомобильная дорога (нескоростная автомобильная дорога),V,6.11,4,1,Грунтовые,,300.0,70,300,,,автомобильная дорога местного значения,19.12.2024,Маремкулова Мариета Владимировна,,Местные дороги,,,,01.01.1950,24440.0,0+000,,83-215-000 ОП МП 13,60.0,16:29:49,,тип 1,,1,13,IV,,,,"LINESTRING (4788217.802735759 5447309.088069698, 4788190.3331787195 5447909.835338877, 4788216.608407192 5448024.490881304, 4788238.106321397 5448121.231495228, 4788240.494978531 5448215.583452017, 4788210.036364806 5448263.556654606, 4788138.376650788 5448265.94531174, 4788100.158136645 5448270.722626007, 4788026.109765494 5448261.167997472, 4787875.624366058 5448251.613368936, 4787787.244052103 5448239.670083267, 4787452.644462485 5448193.292616694, 4786810.0956934625 5448076.2484171325, 4786714.549408106 5448061.916474328, 4786640.501036955 5448069.08244573, 4786568.841322938 5448076.2484171325, 4786229.652009922 5448188.515302426, 4786175.22801686 5448847.187507101, 4786140.949085068 5448876.359407829, 4786100.341913791 5448888.302693499, 4786051.075860404 5448916.966579106, 4785865.954932527 5449209.57707801, 4785783.5462614065 5449268.099177791, 4785714.275204523 5449295.568734831, 4785612.757276332 5449294.374406264, 4785566.17846222 5449282.431120594, 4785517.210990976 5449291.98574913, 4785465.854862596 5449309.900677634, 4785272.373634749 5449411.418605826, 4785102.831101969 5449449.149861284, 4784834.634025352 5449554.918252792, 4784785.666554106 5449553.723924225, 4784540.829197881 5449499.979138712, 4784450.060226792 5449486.841524476, 4784367.651555672 5449470.120924539, 4784243.4413847085 5449452.205996035, 4784152.67241362 5449431.902410396, 4784095.344642406 5449415.181810459, 4783912.015207377 5449335.758960753, 4783795.568172099 5449285.59716094, 4783729.282936633 5449254.5446182, 4783661.8033726 5449222.297746892, 4783498.777523208 5449141.680568617, 4783178.161343678 5448967.328944739, 4782476.555138639 5448504.0479051825, 4782423.407517409 5448452.09461252, 4782350.553474825 5448397.15549844, 4782263.964653721 5448318.329813021, 4782192.902103987 5448251.447413271, 4781876.405033737 5447915.841085957, 4781779.664419814 5447805.365693513, 4781650.0797703 5447646.519994108, 4781488.248249476 5447456.02458768, 4781464.95884242 5447416.61174497, 4781412.408385474 5447333.008745283)"
200053586,93 га до границы Ставропольского края,Кабардино-Балкарская Республика,,р-н Зольский,с Белокаменское,Обычная автомобильная дорога (нескоростная автомобильная дорога),V,1.25,4,1,Грунтовые,,300.0,70,300,,,автомобильная дорога местного значения,10.12.2024,Маремкулова Мариета Владимировна,,Местные дороги,,,,01.01.1950,5000.0,0+000,,83-215-000 ОП МП 14,60.0,11:49:31,,тип 1,,1,14,IV,,,,"MULTILINESTRING ((4788239.564377071 5448139.91005797, 4788235.98139137 5448188.877529215, 4788230.009748536 5448223.513057657, 4788239.564377071 5448270.091871768, 4788231.204077103 5448333.391285817, 4788191.791234394 5448407.439656968, 4788126.103163211 5448469.54474245), (4788126.103163211 5448469.54474245, 4787943.370892467 5448754.989269952, 4787951.731192435 5448800.373755496), (4787951.731192435 5448800.373755496, 4787975.6177637745 5448824.260326835, 4788015.030606484 5448910.251983657, 4788055.637777761 5448968.774083437, 4788099.827934739 5449038.0451403195, 4788155.961377386 5449088.206940131, 4788175.070634458 5449143.146054211, 4788175.070634458 5449199.279496858, 4788166.710334489 5449249.441296671, 4788158.35003452 5449305.574739317), (4788158.35003452 5449305.574739317, 4788158.35003452 5449432.173567414, 4788152.378391686 5449507.416267133, 4788134.463463182 5449540.857467008, 4788091.467634771 5449589.824938253, 4788083.107334802 5449667.456295105))"
200053580,От 16 квартирного жилого дома до границы Ставропольского края,Кабардино-Балкарская Республика,,р-н Зольский,с Белокаменское,Обычная автомобильная дорога (нескоростная автомобильная дорога),V,1.53,4,1,Грунтовые,,300.0,70,300,,,автомобильная дорога местного значения,10.12.2024,Маремкулова Мариета Владимировна,,Местные дороги,,,,01.01.1950,6120.0,0+000,,83-215-000 ОП МП 06,60.0,11:38:11,,тип 1,,1,06,IV,,,,"LINESTRING (4788722.237080083 5447296.571199301, 4788724.028572934 5447509.758848502, 4788750.364801192 5448806.206257771, 4788776.640029664 5449233.775884741, 4788779.028686799 5449420.091141188)"
200053584,"ОПХ - первое поле, сенокос",Кабардино-Балкарская Республика,,р-н Зольский,с Белокаменское,Обычная автомобильная дорога (нескоростная автомобильная дорога),V,4.7,4,1,Грунтовые,,300.0,70,300,,,автомобильная дорога местного значения,19.12.2024,Маремкулова Мариета Владимировна,,Местные дороги,,,,01.01.1950,18800.0,0+000,,83-215-000 ОП МП 12,60.0,16:15:15,,тип 1,,1,12,IV,,,,"MULTILINESTRING ((4783816.173562811 5447871.502306843, 4783720.697325918 5447298.869678616, 4783314.625613153 5447437.411792383, 4783259.686499073 5447423.079849578, 4783078.148556896 5446821.138251833, 4783118.755728172 5446780.531080557, 4783637.094326232 5446634.822995388, 4783665.758211839 5446410.289224801, 4784219.926666906 5446407.900567667), (4788206.665471876 5447306.035650011, 4788187.556214805 5447903.199933489, 4787459.015788962 5447795.710362463, 4785944.467069126 5447587.252107908, 4785579.002527637 5447520.369708159, 4785423.739813933 5447467.819251212, 4785094.105129453 5447525.147022426, 4784637.871616877 5447654.134507658, 4784513.661445913 5447680.40973613, 4784215.079304174 5447761.624078684, 4784121.921675951 5447799.842592826, 4784038.318676265 5447823.729164165, 4783933.217762372 5447852.393049772, 4783816.173562811 5447871.502306843))"
200053674,от х Лощиновский до х Украинский (0+000 - 4+751),,,,,,,,,,,,,,,,,,,,,,,,,,21379.5,,,,,,,,,,,,0.0,,,
200053847,ул Фрунзе (0+000 - 0+410),,,,,,,,,,,,,,,,,,,,,,,,,,1640.0,,,,,,,,,,,,0.001,,,
200053955,ул Солнечная (0+000 - 0+613),,,,,,,,,,,,,,,,,,,,,,,,,,2403.0,,,,,,,,,,,,,,,
200053989,ул Кооперативная (0+000 - 1+415),,,,,,,,,,,,,,,,,,,,,,,,,,,,,,,,,,,,,,,,,
200053991,ул Кооперативная (0+000 - 1+540),,,,,,,,,,,,,,,,,,,,,,,,,,,,,,,,,,,,,,,,,
200053993,ул Кооперативная (0+000 - 0+315),,,,,,,,,,,,,,,,,,,,,,,,,,,,,,,,,,,,,,,,,
200054086,ул  Старопрегольская (0+000 - 0+250),,,,,,,,,,,,,,,,,,,,,,,,,,1750.0,,,,,,,,,,,,,,,
200054152,ул Чкалова (0+000 - 0+685),,,,,,,,,,,,,,,,,,,,,,,,,,2740.0,,,,,,,,,,,,0.001,,,
200054156,ул Береговая (0+000 - 0+972),,,,,,,,,,,,,,,,,,,,,,,,,,5832.0,,,,,,,,,,,,0.001,,,
200054179,ул Крестьянская (0+000 - 0+452),,,,,,,,,,,,,,,,,,,,,,,,,,2712.0,,,,,,,,,,,,1.0,,,
200054278,пер Летний (0+000 - 0+210),,,,,,,,,,,,,,,,,,,,,,,,,,,,,,,,,,,,,,,,,
200054284,от х Первомайский до х Глинковский (0+000 - 1+312),,,,,,,,,,,,,,,,,,,,,,,,,,5904.0,,,,,,,,,,,,0.0,,,
200054606,Проезд №1 (0+000 - 0+272),,,,,,,,,,,,,,,,,,,,,,,,,,1224.0,,,,,,,,,,,,1.0,,,
200054691,ул Солнечная (0+000 - 0+924),,,,,,,,,,,,,,,,,,,,,,,,,,5544.0,,,,,,,,,,,,,,,
200054715,ул Юности (0+000 - 0+580),,,,,,,,,,,,,,,,,,,,,,,,,,2030.0,,,,,,,,,,,,233.45,,,
200054775,ул Губкина (0+000 - 0+753),,,,,,,,,,,,,,,,,,,,,,,,,,3264.0,,,,,,,,,,,,0.001,,,
200054797,пл Свободы (0+000 - 0+180),,,,,,,,,,,,,,,,,,,,,,,,,,540.0,,,,,,,,,,,,73.0,,,
200055095,ул Южная (0+000 - 0+960),,,,,,,,,,,,,,,,,,,,,,,,,,4575.0,,,,,,,,,,,,0.001,,,
200055204,ул Дорожная (0+000 - 0+655),,,,,,,,,,,,,,,,,,,,,,,,,,4585.0,,,,,,,,,,,,0.001,,,
200055270,ул Новая (0+000 - 2+154),,,,,,,,,,,,,,,,,,,,,,,,,,15078.0,,,,,,,,,,,,,,,
200055305,"""Зарайск - Серебряные Пруды"" - Иванчиково"" - Струпна (0+000 - 1+682)",,,,,,,,,,,,,,,,,,,,,,,,,,9177.0,,,,,,,,,,,,,,,
200055898,ул Новостройка (0+000 - 0+537),,,,,,,,,,,,,,,,,,,,,,,,,,5330.0,,,,,,,,,,,,93.5,,,
200057114,ул Цветочная (0+000 - 0+750),,,,,,,,,,,,,,,,,,,,,,,,,,,,,,,,,,,,,,,,,
200057231,ул Дзержинского (0+000 - 1+810),,,,,,,,,,,,,,,,,,,,,,,,,,,,,,,,,,,,,,,,,
200057229,ул Дзержинского (0+000 - 0+350),,,,,,,,,,,,,,,,,,,,,,,,,,,,,,,,,,,,,,,,,
200057294,пер Липовый (0+000 - 0+220),,,,,,,,,,,,,,,,,,,,,,,,,,,,,,,,,,,,,,,,,
200057448,пл Производственная (0+000 - 0+400),,,,,,,,,,,,,,,,,,,,,,,,,,1200.0,,,,,,,,,,,,266.451,,,
200057502,Проезд №1 (0+000 - 1+600),,,,,,,,,,,,,,,,,,,,,,,,,,,,,,,,,,,,,,,,,
200057622,ул Центральная (0+000 - 0+500),,,,,,,,,,,,,,,,,,,,,,,,,,,,,,,,,,,,,,,,,
200057669,ул Полевая (0+000 - 0+230),,,,,,,,,,,,,,,,,,,,,,,,,,1610.0,,,,,,,,,,,,,,,
200057700,ул Крестьянская (0+000 - 1+605),,,,,,,,,,,,,,,,,,,,,,,,,,8486.0,,,,,,,,,,,,6281131.0,,,
200057778,ул Крупской (0+000 - 0+447),,,,,,,,,,,,,,,,,,,,,,,,,,2682.0,,,,,,,,,,,,1.0,,,
200057870,Проезд №1 (0+000 - 0+451),,,,,,,,,,,,,,,,,,,,,,,,,,,,,,,,,,,,,,,,,
200058088,ул Центральная (0+000 - 3+500),,,,,,,,,,,,,,,,,,,,,,,,,,21000.0,,,,,,,,,,,,,,,
200061302,"а/д соединяющая улицы Некрасова, Обороны, Б. Хмельницкого, Энгельса (0+000 - 0+750)",,,,,,,,,,,,,,,,,,,,,,,,,,4500.0,,,,,,,,,,,,740.56,,,
200061341,д Двоеглазовцы (0+000 - 0+560),,,,,,,,,,,,,,,,,,,,,,,,,,2520.0,,,,,,,,,,,,,,,
200062479,ул Садовая (0+000 - 2+500),,,,,,,,,,,,,,,,,,,,,,,,,,,,,,,,,,,,,,,,,
200062489,ул Ленина (0+000 - 0+949),,,,,,,,,,,,,,,,,,,,,,,,,,5219.5,,,,,,,,,,,,1.0,,,
200062512,Проезд №1 (0+000 - 0+934),,,,,,,,,,,,,,,,,,,,,,,,,,,,,,,,,,,,,,,,,
200063172,пер Поселковый (0+000 - 0+700),,,,,,,,,,,,,,,,,,,,,,,,,,,,,,,,,,,,,,,,,
200064588,ул Мирная (0+000 - 0+800),,,,,,,,,,,,,,,,,,,,,,,,,,,,,,,,,,,,,,,,,
200064640,ул Ленинградская (0+000 - 0+254),,,,,,,,,,,,,,,,,,,,,,,,,,1524.0,,,,,,,,,,,,1.0,,,
200065774,ул Центральная (0+000 - 1+150),,,,,,,,,,,,,,,,,,,,,,,,,,6900.0,,,,,,,,,,,,,,,
200065823,ул Лесная (0+000 - 0+500),,,,,,,,,,,,,,,,,,,,,,,,,,,,,,,,,,,,,,,,,
200065885,ул Центральная (0+000 - 1+321),,,,,,,,,,,,,,,,,,,,,,,,,,7926.0,,,,,,,,,,,,,,,
200065923,"а/д соединяющая улицы Серафимовича-Свердлова,
Магистральная-Лермонтова (0+000 - 0+620)",,,,,,,,,,,,,,,,,,,,,,,,,,3720.0,,,,,,,,,,,,660.93,,,
200065960,д Кыши (0+000 - 0+200),,,,,,,,,,,,,,,,,,,,,,,,,,900.0,,,,,,,,,,,,,,,
200065974,Костюки - Уварово (0+000 - 5+300),,,,,,,,,,,,,,,,,,,,,,,,,,31800.0,,,,,,,,,,,,,,,
200065999,"""Костюки - Уварово"" - Парубаник (0+000 - 4+800)",,,,,,,,,,,,,,,,,,,,,,,,,,28800.0,,,,,,,,,,,,,,,
200066223,ул Лермонтова (0+000 - 0+306),,,,,,,,,,,,,,,,,,,,,,,,,,1836.0,,,,,,,,,,,,1.0,,,
200066261,Ильинское-Хованское - Кулачево (0+000 - 5+600),,,,,,,,,,,,,,,,,,,,,,,,,,,,,,,,,,,,,,,,,
200066265,ул Трудовая (0+000 - 1+800),,,,,,,,,,,,,,,,,,,,,,,,,,,,,,,,,,,,,,,,,
200066306,ул Гагарина (0+000 - 0+260),,,,,,,,,,,,,,,,,,,,,,,,,,1300.0,,,,,,,,,,,,,,,
200066339,ул Рассветная (0+000 - 0+730),,,,,,,,,,,,,,,,,,,,,,,,,,2920.0,,,,,,,,,,,,0.1,,,
200066365,Проезд №2 (0+000 - 0+115),,,,,,,,,,,,,,,,,,,,,,,,,,,,,,,,,,,,,,,,,
200066418,ул Радужная (0+000 - 0+570),,,,,,,,,,,,,,,,,,,,,,,,,,1995.0,,,,,,,,,,,,229.425,,,
200066434,ул Полевая (0+000 - 0+300),,,,,,,,,,,,,,,,,,,,,,,,,,,,,,,,,,,,,,,,,
200066440,ул. Подгорная (0+000 - 0+300),,,,,,,,,,,,,,,,,,,,,,,,,,,,,,,,,,,,,,,,,
200066490,ул Себровская (0+000 - 0+300),,,,,,,,,,,,,,,,,,,,,,,,,,900.0,,,,,,,,,,,,1341.91,,,
200066527,ул Ломоносова (0+000 - 0+308),,,,,,,,,,,,,,,,,,,,,,,,,,1848.0,,,,,,,,,,,,1.0,,,
200066552,пер Пионерский (0+000 - 0+150),,,,,,,,,,,,,,,,,,,,,,,,,,,,,,,,,,,,,,,,,
200066604,Кошевичи - Оброк (0+000 - 7+400),,,,,,,,,,,,,,,,,,,,,,,,,,44400.0,,,,,,,,,,,,,,,
200066611,ул Ленина (0+000 - 1+332),,,,,,,,,,,,,,,,,,,,,,,,,,8442.0,,,,,,,,,,,,10030308.0,,,
200066662,Кощино - Гевино - Раково (0+000 - 5+000),,,,,,,,,,,,,,,,,,,,,,,,,,30000.0,,,,,,,,,,,,,,,
200066823,"а/д соединяющая улицы Серафимовича-Коммуны, ЮжнаяЭнгельса (0+000 - 0+850)",,,,,,,,,,,,,,,,,,,,,,,,,,5100.0,,,,,,,,,,,,874.3,,,
200066871,Проезд №2 (0+000 - 2+560),,,,,,,,,,,,,,,,,,,,,,,,,,,,,,,,,,,,,,,,,
200066919,ул Горная (0+000 - 1+850),,,,,,,,,,,,,,,,,,,,,,,,,,,,,,,,,,,,,,,,,
200066951,ул Себряковская (0+000 - 0+680),,,,,,,,,,,,,,,,,,,,,,,,,,2040.0,,,,,,,,,,,,275.37,,,
200067086,ул Малая (0+000 - 0+520),,,,,,,,,,,,,,,,,,,,,,,,,,1820.0,,,,,,,,,,,,209.3,,,
200067116,ул Сидякина (0+000 - 2+200),,,,,,,,,,,,,,,,,,,,,,,,,,,,,,,,,,,,,,,,,
200067125,Проезд №2 (0+000 - 0+467),,,,,,,,,,,,,,,,,,,,,,,,,,,,,,,,,,,,,,,,,
200067176,д Лыжана (0+000 - 0+500),,,,,,,,,,,,,,,,,,,,,,,,,,2250.0,,,,,,,,,,,,,,,
200067207,ул Малородниковская (0+000 - 0+131),,,,,,,,,,,,,,,,,,,,,,,,,,639.5,,,,,,,,,,,,1.0,,,
200067251,ул. Дачная (0+000 - 0+100),,,,,,,,,,,,,,,,,,,,,,,,,,,,,,,,,,,,,,,,,
200067307,пер Красный (0+000 - 0+360),,,,,,,,,,,,,,,,,,,,,,,,,,1080.0,,,,,,,,,,,,139.16,,,
200067342,ул Набережная (0+000 - 0+500),,,,,,,,,,,,,,,,,,,,,,,,,,,,,,,,,,,,,,,,,
200067351,пер Луговой (0+000 - 0+400),,,,,,,,,,,,,,,,,,,,,,,,,,,,,,,,,,,,,,,,,
200067357,ул Магистральная (0+000 - 0+491),,,,,,,,,,,,,,,,,,,,,,,,,,2946.0,,,,,,,,,,,,10030308.0,,,
200067460,ул Мичурина (0+000 - 1+073),,,,,,,,,,,,,,,,,,,,,,,,,,5901.5,,,,,,,,,,,,1.0,,,
200067506,ул Крапивная (0+000 - 1+150),,,,,,,,,,,,,,,,,,,,,,,,,,,,,,,,,,,,,,,,,
200067518,пер Первомайский (0+000 - 0+735),,,,,,,,,,,,,,,,,,,,,,,,,,,,,,,,,,,,,,,,,
200067520,пер Первомайский (0+000 - 0+555),,,,,,,,,,,,,,,,,,,,,,,,,,,,,,,,,,,,,,,,,
200067522,пер Первомайский (0+000 - 0+140),,,,,,,,,,,,,,,,,,,,,,,,,,,,,,,,,,,,,,,,,
200067593,Проезд №3 (0+000 - 0+498),,,,,,,,,,,,,,,,,,,,,,,,,,,,,,,,,,,,,,,,,
200067664,пер Севастопольский (0+000 - 0+290),,,,,,,,,,,,,,,,,,,,,,,,,,870.0,,,,,,,,,,,,117.42,,,
200068465,ул Луговая (0+000 - 0+500),,,,,,,,,,,,,,,,,,,,,,,,,,,,,,,,,,,,,,,,,
200068475,"""Зарайск - Серебряные Пруды"" - Моногарово - Журавна"" - Иваньшево (0+000 - 7+641)",,,,,,,,,,,,,,,,,,,,,,,,,,30564.0,,,,,,,,,,,,,,,
200070246,ул Заречная (0+000 - 2+500),,,,,,,,,,,,,,,,,,,,,,,,,,,,,,,,,,,,,,,,,
200070366,д Малыгинцы (0+000 - 0+500),,,,,,,,,,,,,,,,,,,,,,,,,,2250.0,,,,,,,,,,,,,,,
200071582,"""Крым"" - Полный - ""Крым"" - Полевая"" - Шумовка с подъездом к с. Любимовка (0+000 - 8+120)",,,,,,,,,,,,,,,,,,,,,,,,,,47820.0,,,,,,,,,,,,26756.259,,,
200071605,ул Молодежная (0+000 - 0+658),,,,,,,,,,,,,,,,,,,,,,,,,,3619.0,,,,,,,,,,,,1.0,,,
200072238,ул Березовая (0+000 - 0+400),,,,,,,,,,,,,,,,,,,,,,,,,,,,,,,,,,,,,,,,,
200072400,ул Дворцова (0+000 - 0+490),,,,,,,,,,,,,,,,,,,,,,,,,,,,,,,,,,,,,,,,,
200072402,ул Дворцова (0+000 - 0+495),,,,,,,,,,,,,,,,,,,,,,,,,,,,,,,,,,,,,,,,,
200073456,ул Советская (0+000 - 1+500),,,,,,,,,,,,,,,,,,,,,,,,,,4.5,,,,,,,,,,,,0.1,,,
200073561,ул Школьная (0+000 - 0+573),,,,,,,,,,,,,,,,,,,,,,,,,,5690.0,,,,,,,,,,,,99.4,,,
200073600,ул Моховская (0+000 - 0+305),,,,,,,,,,,,,,,,,,,,,,,,,,1830.0,,,,,,,,,,,,1.0,,,
200073647,"""Ногинск - Боровково - Стромынь - Крест"" - Стояново (0+000 - 2+093)",,,,,,,,,,,,,,,,,,,,,,,,,,,,,,,,,,,,,,,,,
200073843,Проезд №3 (0+000 - 0+337),,,,,,,,,,,,,,,,,,,,,,,,,,,,,,,,,,,,,,,,,
200073929,пер Мира (0+000 - 1+100),,,,,,,,,,,,,,,,,,,,,,,,,,,,,,,,,,,,,,,,,
200074325,ул Набережная (0+000 - 0+229),,,,,,,,,,,,,,,,,,,,,,,,,,1259.5,,,,,,,,,,,,1.0,,,
200074366,ул Дальняя (0+000 - 0+225),,,,,,,,,,,,,,,,,,,,,,,,,,,,,,,,,,,,,,,,,
200074399,ул. Микрорайон (0+000 - 0+658),,,,,,,,,,,,,,,,,,,,,,,,,,3948.0,,,,,,,,,,,,1.0,,,
200074423,ул Центральная (0+000 - 0+547),,,,,,,,,,,,,,,,,,,,,,,,,,2784.0,,,,,,,,,,,,,,,
200074447,ул Краевая (0+000 - 0+500),,,,,,,,,,,,,,,,,,,,,,,,,,3000.0,,,,,,,,,,,,85560.0,,,
200074492,ул Больничная (0+000 - 1+600),,,,,,,,,,,,,,,,,,,,,,,,,,,,,,,,,,,,,,,,,
